{
  "scaler_mean": [
    5.839614803163151,
    2.58953125,
    2.54390625,
    3.043125,
    9.491875,
    2.4728125,
    0.4340238189457126,
    0.5756542482889254,
    0.5018923639702926,
    0.7081374051993475,
    0.5182274394840245,
    0.5124574959418168,
    0.25125,
    0.2465625,
    0.25328125,
    0.24890625,
    0.25109375,
    0.2625,
    0.2509375,
    0.23546875,
    0.348125,
    0.20328125,
    0.0490625,
    0.0965625,
    0.30296875
  ],
  "scaler_scale": [
    0.7346181829522275,
    1.662861736667657,
    1.2704368308621257,
    1.6874582170752876,
    7.123306569590693,
    2.9854142660348515,
    0.301469612644046,
    0.29312223093263523,
    0.28933422542401593,
    0.22506771511854162,
    0.2789259499478384,
    0.32293667774005835,
    0.43373198809862346,
    0.4310097836404063,
    0.4348906280876044,
    0.4323793805339422,
    0.4336423396197999,
    0.43999289766997224,
    0.43355261629213226,
    0.42429143023804156,
    0.4763758855935251,
    0.4024400370222159,
    0.21599854419359163,
    0.295361107110872,
    0.45954182238771446
  ],
  "feature_names": [
    "budget",
    "duration",
    "group_size",
    "travel_frequency",
    "liked_posts",
    "shared_posts",
    "adventure_score",
    "cultural_score",
    "relaxation_score",
    "food_score",
    "nature_score",
    "urban_score",
    "season_autumn",
    "season_spring",
    "season_summer",
    "season_winter",
    "personality_adventurous",
    "personality_cultural",
    "personality_relaxed",
    "personality_social",
    "age_adult",
    "age_middle_aged",
    "age_senior",
    "age_teen",
    "age_young_adult"
  ],
  "category_names": [
    "adventure",
    "cultural",
    "food_tourism",
    "nature",
    "relaxation",
    "urban"
  ],
  "label_encoding": {
    "adventure": 0,
    "cultural": 1,
    "food_tourism": 2,
    "nature": 3,
    "relaxation": 4,
    "urban": 5
  }
}